question_id,split,stage,gold_answer,current_majority_answer,final_majority_answer,current_majority_correct,final_majority_correct,majority_will_change,continue_label,num_attempts,num_valid_answers,num_unique_answers,missing_answer_count,top_vote_share,second_vote_share,vote_margin,answer_entropy,latest_matches_majority,unanimous,majority_changed,majority_change_count,consecutive_agreement,average_output_tokens,total_output_tokens
train_0000,train,2,108,108,108,True,True,False,False,2,2,1,0,1.0,0.0,1.0,0.0,True,True,False,0,2,170.0,340
train_0000,train,3,108,108,108,True,True,False,False,3,3,1,0,1.0,0.0,1.0,0.0,True,True,False,0,3,173.33333333333334,520
train_0000,train,4,108,108,108,True,True,False,False,4,4,1,0,1.0,0.0,1.0,0.0,True,True,False,0,4,173.5,694
train_0001,train,2,24,24,24,True,True,False,False,2,2,1,0,1.0,0.0,1.0,0.0,True,True,False,0,2,214.5,429
train_0001,train,3,24,24,24,True,True,False,False,3,3,1,0,1.0,0.0,1.0,0.0,True,True,False,0,3,232.0,696
train_0001,train,4,24,24,24,True,True,False,False,4,4,1,0,1.0,0.0,1.0,0.0,True,True,False,0,4,236.0,944
train_0002,train,2,18,18,18,True,True,False,False,2,2,1,0,1.0,0.0,1.0,0.0,True,True,False,0,2,163.0,326
train_0002,train,3,18,18,18,True,True,False,False,3,3,1,0,1.0,0.0,1.0,0.0,True,True,False,0,3,176.33333333333334,529
train_0002,train,4,18,18,18,True,True,False,False,4,4,1,0,1.0,0.0,1.0,0.0,True,True,False,0,4,179.5,718
train_0003,train,2,114,114,114,True,True,False,False,2,2,1,0,1.0,0.0,1.0,0.0,True,True,False,0,2,187.0,374
train_0003,train,3,114,114,114,True,True,False,False,3,3,1,0,1.0,0.0,1.0,0.0,True,True,False,0,3,173.66666666666666,521
train_0003,train,4,114,114,114,True,True,False,False,4,4,1,0,1.0,0.0,1.0,0.0,True,True,False,0,4,168.5,674
train_0004,train,2,66,66,66,True,True,False,False,2,2,1,0,1.0,0.0,1.0,0.0,True,True,False,0,2,271.0,542
train_0004,train,3,66,66,66,True,True,False,False,3,3,1,0,1.0,0.0,1.0,0.0,True,True,False,0,3,278.0,834
train_0004,train,4,66,66,66,True,True,False,False,4,4,1,0,1.0,0.0,1.0,0.0,True,True,False,0,4,327.0,1308
train_0005,train,2,1350,1350,1350,True,True,False,False,2,2,1,0,1.0,0.0,1.0,0.0,True,True,False,0,2,110.0,220
train_0005,train,3,1350,1350,1350,True,True,False,False,3,3,1,0,1.0,0.0,1.0,0.0,True,True,False,0,3,111.33333333333333,334
train_0005,train,4,1350,1350,1350,True,True,False,False,4,4,1,0,1.0,0.0,1.0,0.0,True,True,False,0,4,115.25,461
train_0006,train,2,1350,1350,1350,True,True,False,False,2,2,2,0,0.5,0.5,0.0,1.0,True,False,True,1,1,175.0,350
train_0006,train,3,1350,1350,1350,True,True,False,False,3,3,2,0,0.6666666666666666,0.3333333333333333,0.3333333333333333,0.9182958340544896,True,False,False,1,2,171.66666666666666,515
train_0006,train,4,1350,1350,1350,True,True,False,False,4,4,2,0,0.75,0.25,0.5,0.8112781244591328,True,False,False,1,3,164.25,657
train_0007,train,2,40,40,40,True,True,False,False,2,2,1,0,1.0,0.0,1.0,0.0,True,True,False,0,2,98.5,197
train_0007,train,3,40,40,40,True,True,False,False,3,3,1,0,1.0,0.0,1.0,0.0,True,True,False,0,3,98.33333333333333,295
train_0007,train,4,40,40,40,True,True,False,False,4,4,1,0,1.0,0.0,1.0,0.0,True,True,False,0,4,100.25,401
train_0008,train,2,1000,1000,1000,True,True,False,False,2,2,1,0,1.0,0.0,1.0,0.0,True,True,False,0,2,240.5,481
train_0008,train,3,1000,1000,1000,True,True,False,False,3,3,1,0,1.0,0.0,1.0,0.0,True,True,False,0,3,219.33333333333334,658
train_0008,train,4,1000,1000,1000,True,True,False,False,4,4,1,0,1.0,0.0,1.0,0.0,True,True,False,0,4,223.0,892
train_0009,train,2,9500,12000,12000,False,False,False,False,2,2,2,0,0.5,0.5,0.0,1.0,True,False,True,1,1,166.0,332
train_0009,train,3,9500,12000,12000,False,False,False,False,3,3,2,0,0.6666666666666666,0.3333333333333333,0.3333333333333333,0.9182958340544896,True,False,False,1,2,162.33333333333334,487
train_0009,train,4,9500,12000,12000,False,False,False,False,4,4,2,0,0.75,0.25,0.5,0.8112781244591328,True,False,False,1,3,160.75,643
train_0010,train,2,3450,3450,3450,True,True,False,False,2,2,1,0,1.0,0.0,1.0,0.0,True,True,False,0,2,124.0,248
train_0010,train,3,3450,3450,3450,True,True,False,False,3,3,1,0,1.0,0.0,1.0,0.0,True,True,False,0,3,125.66666666666667,377
train_0010,train,4,3450,3450,3450,True,True,False,False,4,4,1,0,1.0,0.0,1.0,0.0,True,True,False,0,4,128.5,514
train_0011,train,2,800,1350,800,False,True,True,True,2,2,2,0,0.5,0.5,0.0,1.0,True,False,True,1,1,247.0,494
train_0011,train,3,800,800,800,True,True,False,False,3,3,2,0,0.6666666666666666,0.3333333333333333,0.3333333333333333,0.9182958340544896,True,False,True,2,1,245.66666666666666,737
train_0011,train,4,800,800,800,True,True,False,False,4,4,2,0,0.75,0.25,0.5,0.8112781244591328,True,False,False,2,2,262.0,1048
train_0012,train,2,7,7,7,True,True,False,False,2,2,1,0,1.0,0.0,1.0,0.0,True,True,False,0,2,209.5,419
train_0012,train,3,7,7,7,True,True,False,False,3,3,1,0,1.0,0.0,1.0,0.0,True,True,False,0,3,221.0,663
train_0012,train,4,7,7,7,True,True,False,False,4,4,1,0,1.0,0.0,1.0,0.0,True,True,False,0,4,212.0,848
train_0013,train,2,26,26,26,True,True,False,False,2,2,1,0,1.0,0.0,1.0,0.0,True,True,False,0,2,129.5,259
train_0013,train,3,26,26,26,True,True,False,False,3,3,1,0,1.0,0.0,1.0,0.0,True,True,False,0,3,141.33333333333334,424
train_0013,train,4,26,26,26,True,True,False,False,4,4,1,0,1.0,0.0,1.0,0.0,True,True,False,0,4,137.75,551
train_0014,train,2,810,690,810,False,True,True,True,2,2,2,0,0.5,0.5,0.0,1.0,True,False,True,1,1,406.0,812
train_0014,train,3,810,810,810,True,True,False,False,3,3,2,0,0.6666666666666666,0.3333333333333333,0.3333333333333333,0.9182958340544896,True,False,True,2,1,382.0,1146
train_0014,train,4,810,810,810,True,True,False,False,4,4,2,0,0.75,0.25,0.5,0.8112781244591328,True,False,False,2,2,352.0,1408
train_0015,train,2,56,56,56,True,True,False,False,2,2,1,0,1.0,0.0,1.0,0.0,True,True,False,0,2,285.0,570
train_0015,train,3,56,56,56,True,True,False,False,3,3,1,0,1.0,0.0,1.0,0.0,True,True,False,0,3,265.0,795
train_0015,train,4,56,56,56,True,True,False,False,4,4,1,0,1.0,0.0,1.0,0.0,True,True,False,0,4,257.75,1031
train_0016,train,2,70,70,70,True,True,False,False,2,2,1,0,1.0,0.0,1.0,0.0,True,True,False,0,2,217.5,435
train_0016,train,3,70,70,70,True,True,False,False,3,3,1,0,1.0,0.0,1.0,0.0,True,True,False,0,3,228.0,684
train_0016,train,4,70,70,70,True,True,False,False,4,4,1,0,1.0,0.0,1.0,0.0,True,True,False,0,4,224.5,898
train_0017,train,2,223,223,223,True,True,False,False,2,2,1,0,1.0,0.0,1.0,0.0,True,True,False,0,2,322.5,645
train_0017,train,3,223,223,223,True,True,False,False,3,3,1,0,1.0,0.0,1.0,0.0,True,True,False,0,3,308.3333333333333,925
train_0017,train,4,223,223,223,True,True,False,False,4,4,1,0,1.0,0.0,1.0,0.0,True,True,False,0,4,301.25,1205
train_0018,train,2,360000,360000,360000,True,True,False,False,2,2,1,0,1.0,0.0,1.0,0.0,True,True,False,0,2,189.0,378
train_0018,train,3,360000,360000,360000,True,True,False,False,3,3,1,0,1.0,0.0,1.0,0.0,True,True,False,0,3,182.0,546
train_0018,train,4,360000,360000,360000,True,True,False,False,4,4,1,0,1.0,0.0,1.0,0.0,True,True,False,0,4,196.75,787
train_0019,train,2,20,20,20,True,True,False,False,2,2,1,0,1.0,0.0,1.0,0.0,True,True,False,0,2,192.0,384
train_0019,train,3,20,20,20,True,True,False,False,3,3,1,0,1.0,0.0,1.0,0.0,True,True,False,0,3,190.66666666666666,572
train_0019,train,4,20,20,20,True,True,False,False,4,4,1,0,1.0,0.0,1.0,0.0,True,True,False,0,4,186.5,746
train_0020,train,2,56,56,56,True,True,False,False,2,2,1,0,1.0,0.0,1.0,0.0,True,True,False,0,2,288.0,576
train_0020,train,3,56,56,56,True,True,False,False,3,3,1,0,1.0,0.0,1.0,0.0,True,True,False,0,3,276.6666666666667,830
train_0020,train,4,56,56,56,True,True,False,False,4,4,1,0,1.0,0.0,1.0,0.0,True,True,False,0,4,280.25,1121
train_0021,train,2,1,1,1,True,True,False,False,2,2,1,0,1.0,0.0,1.0,0.0,True,True,False,0,2,199.5,399
train_0021,train,3,1,1,1,True,True,False,False,3,3,1,0,1.0,0.0,1.0,0.0,True,True,False,0,3,218.66666666666666,656
train_0021,train,4,1,1,1,True,True,False,False,4,4,1,0,1.0,0.0,1.0,0.0,True,True,False,0,4,220.0,880
train_0022,train,2,13,13,13,True,True,False,False,2,2,1,0,1.0,0.0,1.0,0.0,True,True,False,0,2,176.5,353
train_0022,train,3,13,13,13,True,True,False,False,3,3,1,0,1.0,0.0,1.0,0.0,True,True,False,0,3,164.33333333333334,493
train_0022,train,4,13,13,13,True,True,False,False,4,4,1,0,1.0,0.0,1.0,0.0,True,True,False,0,4,167.75,671
train_0023,train,2,175,175,175,True,True,False,False,2,2,1,0,1.0,0.0,1.0,0.0,True,True,False,0,2,128.0,256
train_0023,train,3,175,175,175,True,True,False,False,3,3,1,0,1.0,0.0,1.0,0.0,True,True,False,0,3,130.66666666666666,392
train_0023,train,4,175,175,175,True,True,False,False,4,4,1,0,1.0,0.0,1.0,0.0,True,True,False,0,4,131.75,527
train_0024,train,2,15,15,15,True,True,False,False,2,2,1,0,1.0,0.0,1.0,0.0,True,True,False,0,2,133.0,266
train_0024,train,3,15,15,15,True,True,False,False,3,3,1,0,1.0,0.0,1.0,0.0,True,True,False,0,3,154.33333333333334,463
train_0024,train,4,15,15,15,True,True,False,False,4,4,1,0,1.0,0.0,1.0,0.0,True,True,False,0,4,143.5,574
train_0025,train,2,28,28,28,True,True,False,False,2,2,1,0,1.0,0.0,1.0,0.0,True,True,False,0,2,118.0,236
train_0025,train,3,28,28,28,True,True,False,False,3,3,1,0,1.0,0.0,1.0,0.0,True,True,False,0,3,117.66666666666667,353
train_0025,train,4,28,28,28,True,True,False,False,4,4,1,0,1.0,0.0,1.0,0.0,True,True,False,0,4,120.25,481
train_0026,train,2,9,9,9,True,True,False,False,2,2,1,0,1.0,0.0,1.0,0.0,True,True,False,0,2,143.5,287
train_0026,train,3,9,9,9,True,True,False,False,3,3,1,0,1.0,0.0,1.0,0.0,True,True,False,0,3,134.0,402
train_0026,train,4,9,9,9,True,True,False,False,4,4,1,0,1.0,0.0,1.0,0.0,True,True,False,0,4,132.0,528
train_0027,train,2,5217,5217,5217,True,True,False,False,2,2,1,0,1.0,0.0,1.0,0.0,True,True,False,0,2,147.5,295
train_0027,train,3,5217,5217,5217,True,True,False,False,3,3,1,0,1.0,0.0,1.0,0.0,True,True,False,0,3,154.66666666666666,464
train_0027,train,4,5217,5217,5217,True,True,False,False,4,4,1,0,1.0,0.0,1.0,0.0,True,True,False,0,4,149.75,599
train_0028,train,2,3,3,3,True,True,False,False,2,2,1,0,1.0,0.0,1.0,0.0,True,True,False,0,2,142.0,284
train_0028,train,3,3,3,3,True,True,False,False,3,3,1,0,1.0,0.0,1.0,0.0,True,True,False,0,3,141.66666666666666,425
train_0028,train,4,3,3,3,True,True,False,False,4,4,1,0,1.0,0.0,1.0,0.0,True,True,False,0,4,144.0,576
train_0029,train,2,9,9,9,True,True,False,False,2,2,1,0,1.0,0.0,1.0,0.0,True,True,False,0,2,373.5,747
train_0029,train,3,9,9,9,True,True,False,False,3,3,1,0,1.0,0.0,1.0,0.0,True,True,False,0,3,378.0,1134
train_0029,train,4,9,9,9,True,True,False,False,4,4,1,0,1.0,0.0,1.0,0.0,True,True,False,0,4,393.5,1574
train_0030,train,2,8,8,8,True,True,False,False,2,2,1,0,1.0,0.0,1.0,0.0,True,True,False,0,2,157.0,314
train_0030,train,3,8,8,8,True,True,False,False,3,3,1,0,1.0,0.0,1.0,0.0,True,True,False,0,3,148.0,444
train_0030,train,4,8,8,8,True,True,False,False,4,4,1,0,1.0,0.0,1.0,0.0,True,True,False,0,4,146.75,587
train_0031,train,2,201,201,201,True,True,False,False,2,2,1,0,1.0,0.0,1.0,0.0,True,True,False,0,2,113.0,226
train_0031,train,3,201,201,201,True,True,False,False,3,3,1,0,1.0,0.0,1.0,0.0,True,True,False,0,3,117.0,351
train_0031,train,4,201,201,201,True,True,False,False,4,4,1,0,1.0,0.0,1.0,0.0,True,True,False,0,4,114.75,459
train_0032,train,2,390,390,390,True,True,False,False,2,2,1,0,1.0,0.0,1.0,0.0,True,True,False,0,2,173.0,346
train_0032,train,3,390,390,390,True,True,False,False,3,3,1,0,1.0,0.0,1.0,0.0,True,True,False,0,3,173.66666666666666,521
train_0032,train,4,390,390,390,True,True,False,False,4,4,1,0,1.0,0.0,1.0,0.0,True,True,False,0,4,178.0,712
train_0033,train,2,33,33,33,True,True,False,False,2,2,1,0,1.0,0.0,1.0,0.0,True,True,False,0,2,125.5,251
train_0033,train,3,33,33,33,True,True,False,False,3,3,1,0,1.0,0.0,1.0,0.0,True,True,False,0,3,126.66666666666667,380
train_0033,train,4,33,33,33,True,True,False,False,4,4,1,0,1.0,0.0,1.0,0.0,True,True,False,0,4,135.25,541
train_0034,train,2,550,550,550,True,True,False,False,2,2,1,0,1.0,0.0,1.0,0.0,True,True,False,0,2,177.5,355
train_0034,train,3,550,550,550,True,True,False,False,3,3,1,0,1.0,0.0,1.0,0.0,True,True,False,0,3,170.66666666666666,512
train_0034,train,4,550,550,550,True,True,False,False,4,4,1,0,1.0,0.0,1.0,0.0,True,True,False,0,4,168.75,675
train_0035,train,2,22,22,22,True,True,False,False,2,2,1,0,1.0,0.0,1.0,0.0,True,True,False,0,2,174.0,348
train_0035,train,3,22,22,22,True,True,False,False,3,3,1,0,1.0,0.0,1.0,0.0,True,True,False,0,3,166.0,498
train_0035,train,4,22,22,22,True,True,False,False,4,4,1,0,1.0,0.0,1.0,0.0,True,True,False,0,4,169.25,677
train_0036,train,2,175,175,175,True,True,False,False,2,2,1,0,1.0,0.0,1.0,0.0,True,True,False,0,2,280.0,560
train_0036,train,3,175,175,175,True,True,False,False,3,3,1,0,1.0,0.0,1.0,0.0,True,True,False,0,3,257.0,771
train_0036,train,4,175,175,175,True,True,False,False,4,4,1,0,1.0,0.0,1.0,0.0,True,True,False,0,4,251.5,1006
train_0037,train,2,40,40,40,True,True,False,False,2,2,1,0,1.0,0.0,1.0,0.0,True,True,False,0,2,230.0,460
train_0037,train,3,40,40,40,True,True,False,False,3,3,1,0,1.0,0.0,1.0,0.0,True,True,False,0,3,207.0,621
train_0037,train,4,40,40,40,True,True,False,False,4,4,1,0,1.0,0.0,1.0,0.0,True,True,False,0,4,207.5,830
train_0038,train,2,5,5,5,True,True,False,False,2,2,1,0,1.0,0.0,1.0,0.0,True,True,False,0,2,159.5,319
train_0038,train,3,5,5,5,True,True,False,False,3,3,1,0,1.0,0.0,1.0,0.0,True,True,False,0,3,158.66666666666666,476
train_0038,train,4,5,5,5,True,True,False,False,4,4,1,0,1.0,0.0,1.0,0.0,True,True,False,0,4,152.25,609
train_0039,train,2,82,82,82,True,True,False,False,2,2,1,0,1.0,0.0,1.0,0.0,True,True,False,0,2,389.5,779
train_0039,train,3,82,82,82,True,True,False,False,3,3,1,0,1.0,0.0,1.0,0.0,True,True,False,0,3,420.6666666666667,1262
train_0039,train,4,82,82,82,True,True,False,False,4,4,1,0,1.0,0.0,1.0,0.0,True,True,False,0,4,389.25,1557
train_0040,train,2,22,22,22,True,True,False,False,2,2,1,0,1.0,0.0,1.0,0.0,True,True,False,0,2,269.5,539
train_0040,train,3,22,22,22,True,True,False,False,3,3,1,0,1.0,0.0,1.0,0.0,True,True,False,0,3,250.33333333333334,751
train_0040,train,4,22,22,22,True,True,False,False,4,4,1,0,1.0,0.0,1.0,0.0,True,True,False,0,4,238.25,953
train_0041,train,2,94000,90000,94000,False,True,True,True,2,2,2,0,0.5,0.5,0.0,1.0,True,False,True,1,1,266.5,533
train_0041,train,3,94000,94000,94000,True,True,False,False,3,3,2,0,0.6666666666666666,0.3333333333333333,0.3333333333333333,0.9182958340544896,True,False,True,2,1,251.66666666666666,755
train_0041,train,4,94000,94000,94000,True,True,False,False,4,4,2,0,0.75,0.25,0.5,0.8112781244591328,True,False,False,2,2,241.0,964
train_0042,train,2,200,200,200,True,True,False,False,2,2,1,0,1.0,0.0,1.0,0.0,True,True,False,0,2,226.0,452
train_0042,train,3,200,200,200,True,True,False,False,3,3,1,0,1.0,0.0,1.0,0.0,True,True,False,0,3,242.66666666666666,728
train_0042,train,4,200,200,200,True,True,False,False,4,4,1,0,1.0,0.0,1.0,0.0,True,True,False,0,4,238.0,952
train_0043,train,2,70,70,70,True,True,False,False,2,2,1,0,1.0,0.0,1.0,0.0,True,True,False,0,2,183.5,367
train_0043,train,3,70,70,70,True,True,False,False,3,3,1,0,1.0,0.0,1.0,0.0,True,True,False,0,3,206.33333333333334,619
train_0043,train,4,70,70,70,True,True,False,False,4,4,1,0,1.0,0.0,1.0,0.0,True,True,False,0,4,209.0,836
train_0044,train,2,32,32,32,True,True,False,False,2,2,1,0,1.0,0.0,1.0,0.0,True,True,False,0,2,184.5,369
train_0044,train,3,32,32,32,True,True,False,False,3,3,1,0,1.0,0.0,1.0,0.0,True,True,False,0,3,176.33333333333334,529
train_0044,train,4,32,32,32,True,True,False,False,4,4,1,0,1.0,0.0,1.0,0.0,True,True,False,0,4,166.0,664
train_0045,train,2,574,574,574,True,True,False,False,2,2,1,0,1.0,0.0,1.0,0.0,True,True,False,0,2,127.5,255
train_0045,train,3,574,574,574,True,True,False,False,3,3,1,0,1.0,0.0,1.0,0.0,True,True,False,0,3,115.33333333333333,346
train_0045,train,4,574,574,574,True,True,False,False,4,4,1,0,1.0,0.0,1.0,0.0,True,True,False,0,4,124.5,498
train_0046,train,2,6,6,6,True,True,False,False,2,2,1,0,1.0,0.0,1.0,0.0,True,True,False,0,2,136.5,273
train_0046,train,3,6,6,6,True,True,False,False,3,3,1,0,1.0,0.0,1.0,0.0,True,True,False,0,3,137.33333333333334,412
train_0046,train,4,6,6,6,True,True,False,False,4,4,1,0,1.0,0.0,1.0,0.0,True,True,False,0,4,130.25,521
train_0047,train,2,12,12,12,True,True,False,False,2,2,1,0,1.0,0.0,1.0,0.0,True,True,False,0,2,126.5,253
train_0047,train,3,12,12,12,True,True,False,False,3,3,1,0,1.0,0.0,1.0,0.0,True,True,False,0,3,149.0,447
train_0047,train,4,12,12,12,True,True,False,False,4,4,1,0,1.0,0.0,1.0,0.0,True,True,False,0,4,140.75,563
train_0048,train,2,3,3,3,True,True,False,False,2,2,1,0,1.0,0.0,1.0,0.0,True,True,False,0,2,108.5,217
train_0048,train,3,3,3,3,True,True,False,False,3,3,1,0,1.0,0.0,1.0,0.0,True,True,False,0,3,110.0,330
train_0048,train,4,3,3,3,True,True,False,False,4,4,1,0,1.0,0.0,1.0,0.0,True,True,False,0,4,112.0,448
train_0049,train,2,370,370,370,True,True,False,False,2,2,1,0,1.0,0.0,1.0,0.0,True,True,False,0,2,426.5,853
train_0049,train,3,370,370,370,True,True,False,False,3,3,1,0,1.0,0.0,1.0,0.0,True,True,False,0,3,399.0,1197
train_0049,train,4,370,370,370,True,True,False,False,4,4,1,0,1.0,0.0,1.0,0.0,True,True,False,0,4,415.0,1660
train_0050,train,2,8,8,8,True,True,False,False,2,2,1,0,1.0,0.0,1.0,0.0,True,True,False,0,2,160.5,321
train_0050,train,3,8,8,8,True,True,False,False,3,3,1,0,1.0,0.0,1.0,0.0,True,True,False,0,3,168.0,504
train_0050,train,4,8,8,8,True,True,False,False,4,4,1,0,1.0,0.0,1.0,0.0,True,True,False,0,4,166.5,666
train_0051,train,2,23,40.5,40.5,False,False,False,False,2,2,1,0,1.0,0.0,1.0,0.0,True,True,False,0,2,459.5,919
train_0051,train,3,23,40.5,40.5,False,False,False,False,3,3,2,0,0.6666666666666666,0.3333333333333333,0.3333333333333333,0.9182958340544896,False,False,False,0,1,477.0,1431
train_0051,train,4,23,40.5,40.5,False,False,False,False,4,4,2,0,0.75,0.25,0.5,0.8112781244591328,True,False,False,0,1,466.0,1864
train_0052,train,2,14,14,14,True,True,False,False,2,2,1,0,1.0,0.0,1.0,0.0,True,True,False,0,2,207.0,414
train_0052,train,3,14,14,14,True,True,False,False,3,3,1,0,1.0,0.0,1.0,0.0,True,True,False,0,3,218.66666666666666,656
train_0052,train,4,14,14,14,True,True,False,False,4,4,1,0,1.0,0.0,1.0,0.0,True,True,False,0,4,209.5,838
train_0053,train,2,12,12,12,True,True,False,False,2,2,1,0,1.0,0.0,1.0,0.0,True,True,False,0,2,122.5,245
train_0053,train,3,12,12,12,True,True,False,False,3,3,1,0,1.0,0.0,1.0,0.0,True,True,False,0,3,117.0,351
train_0053,train,4,12,12,12,True,True,False,False,4,4,1,0,1.0,0.0,1.0,0.0,True,True,False,0,4,113.25,453
train_0054,train,2,108,108,108,True,True,False,False,2,2,1,0,1.0,0.0,1.0,0.0,True,True,False,0,2,275.0,550
train_0054,train,3,108,108,108,True,True,False,False,3,3,1,0,1.0,0.0,1.0,0.0,True,True,False,0,3,298.0,894
train_0054,train,4,108,108,108,True,True,False,False,4,4,1,0,1.0,0.0,1.0,0.0,True,True,False,0,4,291.75,1167
train_0055,train,2,12,12,12,True,True,False,False,2,2,1,0,1.0,0.0,1.0,0.0,True,True,False,0,2,143.5,287
train_0055,train,3,12,12,12,True,True,False,False,3,3,1,0,1.0,0.0,1.0,0.0,True,True,False,0,3,142.66666666666666,428
train_0055,train,4,12,12,12,True,True,False,False,4,4,1,0,1.0,0.0,1.0,0.0,True,True,False,0,4,142.5,570
train_0056,train,2,22,22,22,True,True,False,False,2,2,1,0,1.0,0.0,1.0,0.0,True,True,False,0,2,81.5,163
train_0056,train,3,22,22,22,True,True,False,False,3,3,1,0,1.0,0.0,1.0,0.0,True,True,False,0,3,86.33333333333333,259
train_0056,train,4,22,22,22,True,True,False,False,4,4,1,0,1.0,0.0,1.0,0.0,True,True,False,0,4,84.5,338
train_0057,train,2,32,32,32,True,True,False,False,2,2,1,0,1.0,0.0,1.0,0.0,True,True,False,0,2,175.0,350
train_0057,train,3,32,32,32,True,True,False,False,3,3,1,0,1.0,0.0,1.0,0.0,True,True,False,0,3,173.33333333333334,520
train_0057,train,4,32,32,32,True,True,False,False,4,4,1,0,1.0,0.0,1.0,0.0,True,True,False,0,4,172.5,690
train_0058,train,2,65,65,65,True,True,False,False,2,2,2,0,0.5,0.5,0.0,1.0,True,False,True,1,1,426.0,852
train_0058,train,3,65,65,65,True,True,False,False,3,3,2,0,0.6666666666666666,0.3333333333333333,0.3333333333333333,0.9182958340544896,True,False,False,1,2,407.3333333333333,1222
train_0058,train,4,65,65,65,True,True,False,False,4,4,3,0,0.5,0.25,0.25,1.5,False,False,False,1,1,433.5,1734
train_0059,train,2,4,5,5,False,False,True,False,2,2,2,0,0.5,0.5,0.0,1.0,True,False,True,1,1,463.0,926
train_0059,train,3,4,16,5,False,False,True,False,3,3,3,0,0.3333333333333333,0.3333333333333333,0.0,1.584962500721156,True,False,True,2,1,479.3333333333333,1438
train_0059,train,4,4,8,5,False,False,True,False,4,4,4,0,0.25,0.25,0.0,2.0,True,False,True,3,1,487.5,1950
train_0060,train,2,36,36,36,True,True,False,False,2,2,1,0,1.0,0.0,1.0,0.0,True,True,False,0,2,129.0,258
train_0060,train,3,36,36,36,True,True,False,False,3,3,1,0,1.0,0.0,1.0,0.0,True,True,False,0,3,128.33333333333334,385
train_0060,train,4,36,36,36,True,True,False,False,4,4,1,0,1.0,0.0,1.0,0.0,True,True,False,0,4,126.25,505
train_0061,train,2,15,15,15,True,True,False,False,2,2,1,0,1.0,0.0,1.0,0.0,True,True,False,0,2,244.0,488
train_0061,train,3,15,15,15,True,True,False,False,3,3,1,0,1.0,0.0,1.0,0.0,True,True,False,0,3,252.0,756
train_0061,train,4,15,15,15,True,True,False,False,4,4,1,0,1.0,0.0,1.0,0.0,True,True,False,0,4,246.25,985
train_0062,train,2,280,280,280,True,True,False,False,2,2,1,0,1.0,0.0,1.0,0.0,True,True,False,0,2,313.5,627
train_0062,train,3,280,280,280,True,True,False,False,3,3,2,0,0.6666666666666666,0.3333333333333333,0.3333333333333333,0.9182958340544896,False,False,False,0,1,379.6666666666667,1139
train_0062,train,4,280,280,280,True,True,False,False,4,4,2,0,0.75,0.25,0.5,0.8112781244591328,True,False,False,0,1,346.75,1387
train_0063,train,2,87,87,87,True,True,False,False,2,2,1,0,1.0,0.0,1.0,0.0,True,True,False,0,2,255.0,510
train_0063,train,3,87,87,87,True,True,False,False,3,3,1,0,1.0,0.0,1.0,0.0,True,True,False,0,3,237.0,711
train_0063,train,4,87,87,87,True,True,False,False,4,4,1,0,1.0,0.0,1.0,0.0,True,True,False,0,4,241.25,965
train_0064,train,2,15,0.2,0,False,False,True,False,2,2,2,0,0.5,0.5,0.0,1.0,True,False,True,1,1,512.0,1024
train_0064,train,3,15,0.1,0,False,False,True,False,3,3,3,0,0.3333333333333333,0.3333333333333333,0.0,1.584962500721156,True,False,True,2,1,512.0,1536
train_0064,train,4,15,4,0,False,False,True,False,4,4,4,0,0.25,0.25,0.0,2.0,True,False,True,3,1,512.0,2048
train_0065,train,2,28,28,28,True,True,False,False,2,2,1,0,1.0,0.0,1.0,0.0,True,True,False,0,2,265.5,531
train_0065,train,3,28,28,28,True,True,False,False,3,3,1,0,1.0,0.0,1.0,0.0,True,True,False,0,3,339.6666666666667,1019
train_0065,train,4,28,28,28,True,True,False,False,4,4,1,0,1.0,0.0,1.0,0.0,True,True,False,0,4,341.25,1365
train_0066,train,2,32,32,32,True,True,False,False,2,2,1,0,1.0,0.0,1.0,0.0,True,True,False,0,2,192.5,385
train_0066,train,3,32,32,32,True,True,False,False,3,3,1,0,1.0,0.0,1.0,0.0,True,True,False,0,3,198.0,594
train_0066,train,4,32,32,32,True,True,False,False,4,4,1,0,1.0,0.0,1.0,0.0,True,True,False,0,4,199.75,799
train_0067,train,2,44,44,44,True,True,False,False,2,2,1,0,1.0,0.0,1.0,0.0,True,True,False,0,2,139.0,278
train_0067,train,3,44,44,44,True,True,False,False,3,3,1,0,1.0,0.0,1.0,0.0,True,True,False,0,3,137.0,411
train_0067,train,4,44,44,44,True,True,False,False,4,4,1,0,1.0,0.0,1.0,0.0,True,True,False,0,4,135.75,543
train_0068,train,2,90,90,90,True,True,False,False,2,2,1,0,1.0,0.0,1.0,0.0,True,True,False,0,2,193.0,386
train_0068,train,3,90,90,90,True,True,False,False,3,3,1,0,1.0,0.0,1.0,0.0,True,True,False,0,3,183.33333333333334,550
train_0068,train,4,90,90,90,True,True,False,False,4,4,1,0,1.0,0.0,1.0,0.0,True,True,False,0,4,165.0,660
train_0069,train,2,260,260,260,True,True,False,False,2,2,1,0,1.0,0.0,1.0,0.0,True,True,False,0,2,141.0,282
train_0069,train,3,260,260,260,True,True,False,False,3,3,1,0,1.0,0.0,1.0,0.0,True,True,False,0,3,134.66666666666666,404
train_0069,train,4,260,260,260,True,True,False,False,4,4,1,0,1.0,0.0,1.0,0.0,True,True,False,0,4,129.75,519
train_0070,train,2,40,40,40,True,True,False,False,2,2,1,0,1.0,0.0,1.0,0.0,True,True,False,0,2,161.5,323
train_0070,train,3,40,40,40,True,True,False,False,3,3,1,0,1.0,0.0,1.0,0.0,True,True,False,0,3,167.0,501
train_0070,train,4,40,40,40,True,True,False,False,4,4,1,0,1.0,0.0,1.0,0.0,True,True,False,0,4,163.0,652
train_0071,train,2,20,20,20,True,True,False,False,2,2,1,0,1.0,0.0,1.0,0.0,True,True,False,0,2,184.0,368
train_0071,train,3,20,20,20,True,True,False,False,3,3,1,0,1.0,0.0,1.0,0.0,True,True,False,0,3,192.66666666666666,578
train_0071,train,4,20,20,20,True,True,False,False,4,4,1,0,1.0,0.0,1.0,0.0,True,True,False,0,4,191.75,767
train_0072,train,2,1500,1500,1500,True,True,False,False,2,2,1,0,1.0,0.0,1.0,0.0,True,True,False,0,2,153.0,306
train_0072,train,3,1500,1500,1500,True,True,False,False,3,3,1,0,1.0,0.0,1.0,0.0,True,True,False,0,3,150.0,450
train_0072,train,4,1500,1500,1500,True,True,False,False,4,4,1,0,1.0,0.0,1.0,0.0,True,True,False,0,4,150.0,600
train_0073,train,2,1600,1600,1600,True,True,False,False,2,2,1,0,1.0,0.0,1.0,0.0,True,True,False,0,2,196.5,393
train_0073,train,3,1600,1600,1600,True,True,False,False,3,3,1,0,1.0,0.0,1.0,0.0,True,True,False,0,3,192.66666666666666,578
train_0073,train,4,1600,1600,1600,True,True,False,False,4,4,1,0,1.0,0.0,1.0,0.0,True,True,False,0,4,172.0,688
train_0074,train,2,900,900,1200,True,False,True,False,2,2,2,0,0.5,0.5,0.0,1.0,True,False,True,1,1,269.5,539
train_0074,train,3,900,1200,1200,False,False,False,False,3,3,2,0,0.6666666666666666,0.3333333333333333,0.3333333333333333,0.9182958340544896,True,False,True,2,1,256.3333333333333,769
train_0074,train,4,900,1200,1200,False,False,False,False,4,4,2,0,0.75,0.25,0.5,0.8112781244591328,True,False,False,2,2,234.25,937
train_0075,train,2,220,220,220,True,True,False,False,2,2,1,0,1.0,0.0,1.0,0.0,True,True,False,0,2,146.5,293
train_0075,train,3,220,220,220,True,True,False,False,3,3,1,0,1.0,0.0,1.0,0.0,True,True,False,0,3,151.66666666666666,455
train_0075,train,4,220,220,220,True,True,False,False,4,4,1,0,1.0,0.0,1.0,0.0,True,True,False,0,4,143.25,573
train_0076,train,2,5,5,5,True,True,False,False,2,2,1,0,1.0,0.0,1.0,0.0,True,True,False,0,2,253.5,507
train_0076,train,3,5,5,5,True,True,False,False,3,3,1,0,1.0,0.0,1.0,0.0,True,True,False,0,3,258.3333333333333,775
train_0076,train,4,5,5,5,True,True,False,False,4,4,1,0,1.0,0.0,1.0,0.0,True,True,False,0,4,261.0,1044
train_0077,train,2,48,48,48,True,True,False,False,2,2,1,0,1.0,0.0,1.0,0.0,True,True,False,0,2,161.5,323
train_0077,train,3,48,48,48,True,True,False,False,3,3,1,0,1.0,0.0,1.0,0.0,True,True,False,0,3,159.33333333333334,478
train_0077,train,4,48,48,48,True,True,False,False,4,4,1,0,1.0,0.0,1.0,0.0,True,True,False,0,4,159.25,637
train_0078,train,2,8,8,8,True,True,False,False,2,2,1,0,1.0,0.0,1.0,0.0,True,True,False,0,2,186.0,372
train_0078,train,3,8,8,8,True,True,False,False,3,3,1,0,1.0,0.0,1.0,0.0,True,True,False,0,3,178.33333333333334,535
train_0078,train,4,8,8,8,True,True,False,False,4,4,1,0,1.0,0.0,1.0,0.0,True,True,False,0,4,172.25,689
train_0079,train,2,840,840,840,True,True,False,False,2,2,1,0,1.0,0.0,1.0,0.0,True,True,False,0,2,128.5,257
train_0079,train,3,840,840,840,True,True,False,False,3,3,1,0,1.0,0.0,1.0,0.0,True,True,False,0,3,136.33333333333334,409
train_0079,train,4,840,840,840,True,True,False,False,4,4,1,0,1.0,0.0,1.0,0.0,True,True,False,0,4,135.25,541
train_0080,train,2,20655,20655,20655,True,True,False,False,2,2,1,0,1.0,0.0,1.0,0.0,True,True,False,0,2,412.0,824
train_0080,train,3,20655,20655,20655,True,True,False,False,3,3,1,0,1.0,0.0,1.0,0.0,True,True,False,0,3,439.0,1317
train_0080,train,4,20655,20655,20655,True,True,False,False,4,4,1,0,1.0,0.0,1.0,0.0,True,True,False,0,4,445.5,1782
train_0081,train,2,240,240,240,True,True,False,False,2,2,1,0,1.0,0.0,1.0,0.0,True,True,False,0,2,160.0,320
train_0081,train,3,240,240,240,True,True,False,False,3,3,1,0,1.0,0.0,1.0,0.0,True,True,False,0,3,142.33333333333334,427
train_0081,train,4,240,240,240,True,True,False,False,4,4,1,0,1.0,0.0,1.0,0.0,True,True,False,0,4,136.75,547
train_0082,train,2,78,18,18,False,False,False,False,2,2,1,0,1.0,0.0,1.0,0.0,True,True,False,0,2,204.5,409
train_0082,train,3,78,18,18,False,False,False,False,3,3,1,0,1.0,0.0,1.0,0.0,True,True,False,0,3,227.33333333333334,682
train_0082,train,4,78,18,18,False,False,False,False,4,4,1,0,1.0,0.0,1.0,0.0,True,True,False,0,4,222.25,889
train_0083,train,2,2160,2160,2160,True,True,False,False,2,2,1,0,1.0,0.0,1.0,0.0,True,True,False,0,2,172.5,345
train_0083,train,3,2160,2160,2160,True,True,False,False,3,3,1,0,1.0,0.0,1.0,0.0,True,True,False,0,3,173.66666666666666,521
train_0083,train,4,2160,2160,2160,True,True,False,False,4,4,1,0,1.0,0.0,1.0,0.0,True,True,False,0,4,177.0,708
train_0084,train,2,5,5,5,True,True,False,False,2,2,1,0,1.0,0.0,1.0,0.0,True,True,False,0,2,288.5,577
train_0084,train,3,5,5,5,True,True,False,False,3,3,1,0,1.0,0.0,1.0,0.0,True,True,False,0,3,269.0,807
train_0084,train,4,5,5,5,True,True,False,False,4,4,1,0,1.0,0.0,1.0,0.0,True,True,False,0,4,253.25,1013
train_0085,train,2,85,85,85,True,True,False,False,2,2,1,0,1.0,0.0,1.0,0.0,True,True,False,0,2,252.5,505
train_0085,train,3,85,85,85,True,True,False,False,3,3,1,0,1.0,0.0,1.0,0.0,True,True,False,0,3,244.0,732
train_0085,train,4,85,85,85,True,True,False,False,4,4,1,0,1.0,0.0,1.0,0.0,True,True,False,0,4,261.0,1044
train_0086,train,2,37,37,37,True,True,False,False,2,2,1,0,1.0,0.0,1.0,0.0,True,True,False,0,2,110.0,220
train_0086,train,3,37,37,37,True,True,False,False,3,3,1,0,1.0,0.0,1.0,0.0,True,True,False,0,3,102.66666666666667,308
train_0086,train,4,37,37,37,True,True,False,False,4,4,1,0,1.0,0.0,1.0,0.0,True,True,False,0,4,103.25,413
train_0087,train,2,6,6,6,True,True,False,False,2,2,1,0,1.0,0.0,1.0,0.0,True,True,False,0,2,113.5,227
train_0087,train,3,6,6,6,True,True,False,False,3,3,1,0,1.0,0.0,1.0,0.0,True,True,False,0,3,120.0,360
train_0087,train,4,6,6,6,True,True,False,False,4,4,1,0,1.0,0.0,1.0,0.0,True,True,False,0,4,119.5,478
train_0088,train,2,15,15,15,True,True,False,False,2,2,1,0,1.0,0.0,1.0,0.0,True,True,False,0,2,221.0,442
train_0088,train,3,15,15,15,True,True,False,False,3,3,1,0,1.0,0.0,1.0,0.0,True,True,False,0,3,209.66666666666666,629
train_0088,train,4,15,15,15,True,True,False,False,4,4,1,0,1.0,0.0,1.0,0.0,True,True,False,0,4,199.0,796
train_0089,train,2,30,30,30,True,True,False,False,2,2,1,0,1.0,0.0,1.0,0.0,True,True,False,0,2,113.5,227
train_0089,train,3,30,30,30,True,True,False,False,3,3,1,0,1.0,0.0,1.0,0.0,True,True,False,0,3,114.66666666666667,344
train_0089,train,4,30,30,30,True,True,False,False,4,4,1,0,1.0,0.0,1.0,0.0,True,True,False,0,4,117.25,469
train_0090,train,2,240,240,240,True,True,False,False,2,2,1,0,1.0,0.0,1.0,0.0,True,True,False,0,2,164.0,328
train_0090,train,3,240,240,240,True,True,False,False,3,3,1,0,1.0,0.0,1.0,0.0,True,True,False,0,3,160.66666666666666,482
train_0090,train,4,240,240,240,True,True,False,False,4,4,1,0,1.0,0.0,1.0,0.0,True,True,False,0,4,158.0,632
train_0091,train,2,750,750,750,True,True,False,False,2,2,1,0,1.0,0.0,1.0,0.0,True,True,False,0,2,117.0,234
train_0091,train,3,750,750,750,True,True,False,False,3,3,1,0,1.0,0.0,1.0,0.0,True,True,False,0,3,111.33333333333333,334
train_0091,train,4,750,750,750,True,True,False,False,4,4,1,0,1.0,0.0,1.0,0.0,True,True,False,0,4,123.0,492
train_0092,train,2,565,565,565,True,True,False,False,2,2,1,0,1.0,0.0,1.0,0.0,True,True,False,0,2,241.5,483
train_0092,train,3,565,565,565,True,True,False,False,3,3,1,0,1.0,0.0,1.0,0.0,True,True,False,0,3,242.66666666666666,728
train_0092,train,4,565,565,565,True,True,False,False,4,4,1,0,1.0,0.0,1.0,0.0,True,True,False,0,4,244.25,977
train_0093,train,2,4500,4500,4500,True,True,False,False,2,2,1,0,1.0,0.0,1.0,0.0,True,True,False,0,2,185.0,370
train_0093,train,3,4500,4500,4500,True,True,False,False,3,3,1,0,1.0,0.0,1.0,0.0,True,True,False,0,3,186.0,558
train_0093,train,4,4500,4500,4500,True,True,False,False,4,4,1,0,1.0,0.0,1.0,0.0,True,True,False,0,4,188.75,755
train_0094,train,2,96,96,96,True,True,False,False,2,2,1,0,1.0,0.0,1.0,0.0,True,True,False,0,2,169.5,339
train_0094,train,3,96,96,96,True,True,False,False,3,3,1,0,1.0,0.0,1.0,0.0,True,True,False,0,3,174.0,522
train_0094,train,4,96,96,96,True,True,False,False,4,4,1,0,1.0,0.0,1.0,0.0,True,True,False,0,4,165.75,663
train_0095,train,2,45,45,45,True,True,False,False,2,2,1,0,1.0,0.0,1.0,0.0,True,True,False,0,2,266.5,533
train_0095,train,3,45,45,45,True,True,False,False,3,3,1,0,1.0,0.0,1.0,0.0,True,True,False,0,3,281.3333333333333,844
train_0095,train,4,45,45,45,True,True,False,False,4,4,1,0,1.0,0.0,1.0,0.0,True,True,False,0,4,268.25,1073
train_0096,train,2,16,16,16,True,True,False,False,2,2,1,0,1.0,0.0,1.0,0.0,True,True,False,0,2,131.5,263
train_0096,train,3,16,16,16,True,True,False,False,3,3,1,0,1.0,0.0,1.0,0.0,True,True,False,0,3,145.66666666666666,437
train_0096,train,4,16,16,16,True,True,False,False,4,4,1,0,1.0,0.0,1.0,0.0,True,True,False,0,4,138.75,555
train_0097,train,2,50,50,50,True,True,False,False,2,2,1,0,1.0,0.0,1.0,0.0,True,True,False,0,2,112.0,224
train_0097,train,3,50,50,50,True,True,False,False,3,3,1,0,1.0,0.0,1.0,0.0,True,True,False,0,3,111.0,333
train_0097,train,4,50,50,50,True,True,False,False,4,4,1,0,1.0,0.0,1.0,0.0,True,True,False,0,4,111.25,445
train_0098,train,2,95,95,95,True,True,False,False,2,2,1,0,1.0,0.0,1.0,0.0,True,True,False,0,2,265.0,530
train_0098,train,3,95,95,95,True,True,False,False,3,3,1,0,1.0,0.0,1.0,0.0,True,True,False,0,3,261.0,783
train_0098,train,4,95,95,95,True,True,False,False,4,4,1,0,1.0,0.0,1.0,0.0,True,True,False,0,4,258.25,1033
train_0099,train,2,150,150,150,True,True,False,False,2,2,1,0,1.0,0.0,1.0,0.0,True,True,False,0,2,193.5,387
train_0099,train,3,150,150,150,True,True,False,False,3,3,1,0,1.0,0.0,1.0,0.0,True,True,False,0,3,192.0,576
train_0099,train,4,150,150,150,True,True,False,False,4,4,1,0,1.0,0.0,1.0,0.0,True,True,False,0,4,204.0,816
